category,metric,value,unit,insight,type,source_url
Meta AI today,Meta AI monthly active users (Q1 2026 est.),640,million,"Broad reach as an embedded search assistant",MEASURED,https://presenc.ai/research/meta-ai-usage-statistics-2026
Meta AI today,Meta AI daily-to-monthly active ratio,4,percent,"Most Meta AI use is occasional and incidental, not a daily habit",MEASURED,https://presenc.ai/research/meta-ai-usage-statistics-2026
Meta AI today,Meta AI monthly active users (alternate est.),1200,million,"Other trackers put reach higher; the low DAU/MAU ratio is the key signal either way",MEASURED,https://www.demandsage.com/meta-ai-users/
High-intent demand,Smartphone users who turn to YouTube for how-to videos,91,percent,"The 'I want to do' moment already drives huge demand — but off Meta's surfaces",MEASURED,https://www.seoinc.com/seo-blog/what-are-micro-moments/
High-intent demand,Micro-moments experienced per person per day,150,count,"Intent moments are frequent and addressable",MEASURED,https://www.ptengine.com/blog/conversion-rate-optimization/googles-micro-moments-how-to-capture-buyers-at-the-right-time/
Relevance & context,Consumers more likely to shop with brands giving relevant recommendations,91,percent,"Willingness to act rises sharply when recommendations fit context",MEASURED,https://instapage.com/blog/personalization-statistics
Relevance & context,Conversion lift from engaging a recommended product (within a session),70,percent,"Context-matched recommendations convert at materially higher rates",MEASURED,https://www.clerk.io/blog/product-recommendations-statistics
Relevance & context,Share of e-commerce orders driven by recommendations,24,percent,"Recommendations punch far above their ~7% share of traffic",MEASURED,https://www.clerk.io/blog/product-recommendations-statistics
Relevance & context,Consumers who expect personalized recommendations,90,percent,"Personalization is now an expectation, not a delighter",MEASURED,https://instapage.com/blog/personalization-statistics
